FirstName,LastName,Area,Phone,Username,Pass,ProfilePic,BirthDate,NationalID,Email
Nour,Abdalla,Maadi,01277887710,nouryasser1,nour123,,2002-12-04,30212040102622,nouryasser1@aucegypt.edu
Mariam,ElGhobary,Sheikh Zayed,01099367800,mariamghobz,ghobzzz,,2003-11-24,30402452010085,mariamghobz@aucegypt.edu
Sarah,ElSamanody,Katameya,01122786679,samanodyjr,soso@sasa,,2004-02-22,30402220106085,samanodyjr@aucegypt.edu
Hussien,Heggi,New Cairo,01288952276,heggo,heJJi,,2002-04-12,30212041201217,heggi@gmail.com
Eslam,Tawfik,Zamalek,01227111420,tawwfik,tawtawtaw,,1990-01-01,30402520166085,tawfik@hotmail.com